t_s,mode,x,y,yaw,speed,cmd_speed,cmd_steer,collisions
0.300,rrt,0.0000,0.0000,0.0000,0.0000,0.0000,0.0000,0
0.420,rrt,7.8726,0.1228,-0.1691,0.0000,0.0000,0.0000,0
0.539,rrt,7.8726,0.1228,-0.1691,0.0000,0.0000,0.0000,0
0.647,rrt,7.8726,0.1228,-0.1691,0.0000,0.0000,0.0000,0
0.721,rrt,7.8726,0.1228,-0.1691,0.0000,0.0000,0.0000,0
0.783,rrt,7.8726,0.1228,-0.1691,0.0000,0.0000,0.0000,0
0.958,rrt,7.8726,0.1228,-0.1691,0.0000,0.0000,0.0000,0
1.061,rrt,7.8726,0.1228,-0.1691,0.0000,0.0000,0.0000,0
1.111,rrt,7.8726,0.1228,-0.1691,0.0000,0.0000,0.0000,0
1.193,rrt,7.8726,0.1228,-0.1691,0.0000,0.0000,0.0000,0
1.259,rrt,7.8726,0.1228,-0.1691,0.0000,0.0000,0.0000,0
1.352,rrt,7.8726,0.1228,-0.1691,0.0000,0.0000,0.0000,0
1.419,rrt,7.8726,0.1228,-0.1691,0.0000,0.0000,0.0000,0
1.464,rrt,7.8726,0.1228,-0.1691,0.0000,0.0000,0.0000,0
1.581,rrt,7.8726,0.1228,-0.1691,0.0000,0.0000,0.0000,0
1.683,rrt,7.8726,0.1228,-0.1691,0.0000,0.0000,0.0000,0
1.776,rrt,7.8726,0.1228,-0.1691,0.0000,0.0000,0.0000,0
1.865,rrt,7.8726,0.1228,-0.1691,0.0000,0.0000,0.0000,0
1.928,rrt,7.8726,0.1228,-0.1691,0.0000,0.0000,0.0000,0
2.015,rrt,7.8726,0.1228,-0.1691,0.0000,0.0000,0.0000,0
2.083,rrt,7.8726,0.1228,-0.1691,0.0000,0.0000,0.0000,0
2.124,rrt,7.8726,0.1228,-0.1691,0.0000,0.0000,0.0000,0
2.183,rrt,7.8726,0.1228,-0.1691,0.0000,0.0000,0.0000,0
2.309,rrt,7.8726,0.1228,-0.1691,0.0000,0.0000,0.0000,0
2.382,rrt,7.8726,0.1228,-0.1691,0.0000,0.0000,0.0000,0
2.448,rrt,7.8726,0.1228,-0.1691,0.0000,0.0000,0.0000,0
2.511,rrt,7.8726,0.1228,-0.1691,0.0000,0.0000,0.0000,0
2.631,rrt,7.8726,0.1228,-0.1691,0.0000,0.0000,0.0000,0
2.691,rrt,7.8726,0.1228,-0.1691,0.0000,0.0000,0.0000,0
2.779,rrt,7.8726,0.1228,-0.1691,0.0000,0.0000,0.0000,0
2.885,rrt,7.8726,0.1228,-0.1691,0.0000,0.0000,0.0000,0
2.989,rrt,7.8726,0.1228,-0.1691,0.0000,0.0000,0.0000,0
3.092,rrt,7.8726,0.1228,-0.1691,0.0000,0.0000,0.0000,0
3.192,rrt,7.8726,0.1228,-0.1691,0.0000,0.0000,0.0000,0
3.276,rrt,7.8726,0.1228,-0.1691,0.0000,0.0000,0.0000,0
3.383,rrt,7.8726,0.1228,-0.1691,0.0000,0.0000,0.0000,0
3.463,rrt,7.8726,0.1228,-0.1691,0.0000,0.0000,0.0000,0
3.555,rrt,7.8726,0.1228,-0.1691,0.0000,0.0000,0.0000,0
3.643,rrt,7.8726,0.1228,-0.1691,0.0000,0.0000,0.0000,0
3.740,rrt,7.8726,0.1228,-0.1691,0.0000,0.0000,0.0000,0
3.772,rrt,7.8726,0.1228,-0.1691,0.0000,0.0000,0.0000,0
3.856,rrt,7.8726,0.1228,-0.1691,0.0000,0.0000,0.0000,0
3.954,rrt,7.8726,0.1228,-0.1691,0.0000,0.0000,0.0000,0
4.025,rrt,7.8726,0.1228,-0.1691,0.0000,0.0000,0.0000,0
4.099,rrt,7.8726,0.1228,-0.1691,0.0000,0.0000,0.0000,0
4.170,rrt,7.8726,0.1228,-0.1691,0.0000,0.0000,0.0000,0
4.268,rrt,7.8726,0.1228,-0.1691,0.0000,0.0000,0.0000,0
4.338,rrt,7.8726,0.1228,-0.1691,0.0000,0.0000,0.0000,0
4.408,rrt,7.8726,0.1228,-0.1691,0.0000,0.0000,0.0000,0
4.507,rrt,7.8726,0.1228,-0.1691,0.0000,0.0000,0.0000,0
4.687,rrt,7.8726,0.1228,-0.1691,0.0000,0.0000,0.0000,0
4.779,rrt,7.8726,0.1228,-0.1691,0.0000,0.0000,0.0000,0
4.885,rrt,7.8726,0.1228,-0.1691,0.0000,0.0000,0.0000,0
4.910,rrt,7.8726,0.1228,-0.1691,0.0000,0.0000,0.0000,0
4.945,rrt,7.8726,0.1228,-0.1691,0.0000,0.0000,0.0000,0
4.985,rrt,7.8726,0.1228,-0.1691,0.0000,0.0000,0.0000,0
5.059,rrt,7.8726,0.1228,-0.1691,0.0000,0.0000,0.0000,0
5.150,rrt,7.8726,0.1228,-0.1691,0.0000,0.0000,0.0000,0
5.222,rrt,7.8726,0.1228,-0.1691,0.0000,0.0000,0.0000,0
5.283,rrt,7.8726,0.1228,-0.1691,0.0000,0.0000,0.0000,0
5.368,rrt,7.8726,0.1228,-0.1691,0.0000,0.0000,0.0000,0
5.487,rrt,7.8726,0.1228,-0.1691,0.0000,0.0000,0.0000,0
5.591,rrt,7.8726,0.1228,-0.1691,0.0000,0.0000,0.0000,0
5.669,rrt,7.8726,0.1228,-0.1691,0.0000,0.0000,0.0000,0
5.747,rrt,7.8726,0.1228,-0.1691,0.0000,0.0000,0.0000,0
5.856,rrt,7.8726,0.1228,-0.1691,0.0000,0.0000,0.0000,0
5.905,rrt,7.8726,0.1228,-0.1691,0.0000,0.0000,0.0000,0
5.964,rrt,7.8726,0.1228,-0.1691,0.0000,0.0000,0.0000,0
6.013,rrt,7.8726,0.1228,-0.1691,0.0000,2.0000,-0.0000,0
6.071,rrt,0.0000,0.0000,0.0000,0.0000,2.0000,-0.0000,0
6.159,rrt,7.8726,0.1228,-0.1691,0.0000,0.0000,0.0000,0
6.259,rrt,0.0357,0.0000,0.0000,0.7222,0.0000,0.0000,0
6.334,rrt,7.9729,0.1058,-0.1688,0.1763,0.0000,0.0000,0
6.357,rrt,0.0972,0.0000,0.0000,0.0452,2.0000,-0.0000,0
6.368,rrt,0.0976,0.0000,0.0000,0.0366,2.0000,-0.0000,0
6.458,rrt,7.9849,0.1037,-0.1688,0.2904,0.0000,0.0000,0
6.522,rrt,7.9849,0.1037,-0.1688,0.2904,0.0000,0.0000,0
6.585,rrt,8.0301,0.0960,-0.1688,0.2495,0.0000,0.0000,0
6.664,rrt,8.0385,0.0946,-0.1688,0.0704,0.0000,0.0000,0
6.719,rrt,0.1491,0.0000,0.0000,0.0170,2.0000,-0.0000,0
6.788,rrt,8.0414,0.0941,-0.1688,0.0085,0.0000,0.0000,0
6.852,rrt,8.0459,0.0933,-0.1688,0.2751,2.0000,-0.0000,0
6.928,rrt,0.1747,0.0000,0.0000,0.1516,0.0000,0.0000,0
7.024,rrt,0.1878,0.0000,0.0000,0.4552,2.0000,-0.0000,0
7.088,rrt,8.1070,0.0829,-0.1688,0.4750,2.0000,-0.0000,0
7.209,rrt,0.2292,0.0000,0.0000,0.3948,0.0000,0.0000,0
7.319,rrt,8.1755,0.0712,-0.1688,0.8729,0.0000,0.0000,0
7.386,rrt,8.2366,0.0608,-0.1688,0.6458,0.0000,0.0000,0
7.448,rrt,8.2596,0.0569,-0.1688,0.1959,0.0000,0.0000,0
7.540,rrt,8.2667,0.0557,-0.1688,0.0447,0.0000,0.0000,0
7.588,rrt,-5.5843,-0.1277,-0.0280,0.0000,2.0000,-0.0000,0
7.654,rrt,-5.5843,-0.1277,-0.0280,0.0000,2.0000,-0.0000,0
7.704,rrt,-5.5795,-0.1279,-0.0280,0.2884,2.0000,-0.0000,0
7.784,rrt,-5.5486,-0.1287,-0.0280,0.7222,2.0000,-0.0000,0
7.844,rrt,-5.5150,-0.1297,-0.0280,0.9485,2.0000,-0.0000,0
7.907,rrt,-5.4117,-0.1326,-0.0280,1.3217,2.0000,-0.0000,0
7.948,rrt,-5.3270,-0.1349,-0.0280,1.4936,2.0000,0.0000,0
8.025,rrt,-5.3120,-0.1353,-0.0280,1.5177,2.0000,0.0000,0
8.073,rrt,-5.1672,-0.1394,-0.0280,1.6889,2.0000,0.0000,0
8.171,rrt,-5.1159,-0.1408,-0.0280,1.7312,2.0000,0.0000,0
8.268,rrt,-5.0457,-0.1428,-0.0280,1.7788,2.0000,0.0000,0
8.372,rrt,-4.9189,-0.1463,-0.0280,1.8427,2.0000,0.0000,0
8.478,rrt,-4.7504,-0.1511,-0.0280,1.8985,2.0000,0.0000,0
8.558,rrt,-4.6357,-0.1543,-0.0280,1.9243,2.0000,0.0000,0
8.628,rrt,-4.5585,-0.1564,-0.0280,1.9377,2.0000,0.0000,0
8.684,rrt,-4.4222,-0.1602,-0.0280,1.9557,2.0000,0.0000,0
8.735,rrt,-4.3242,-0.1630,-0.0280,1.9653,2.0000,0.0000,0
8.789,rrt,-4.2258,-0.1657,-0.0280,1.9728,2.0000,0.0000,0
8.870,rrt,-4.1271,-0.1685,-0.0280,1.9787,2.0000,0.0000,0
8.938,rrt,-4.0479,-0.1707,-0.0280,1.9824,2.0000,0.0000,0
8.989,rrt,-3.7897,-0.1780,-0.0280,1.9907,2.0000,0.0000,0
9.042,rrt,-3.8295,-0.1768,-0.0280,1.9897,2.0000,0.0000,0
9.082,rrt,-3.6104,-0.1830,-0.0280,1.9940,2.0000,0.0000,0
9.175,rrt,-3.5307,-0.1852,-0.0280,1.9951,2.0000,0.0000,0
9.255,rrt,-3.5307,-0.1852,-0.0280,1.9951,2.0000,0.0000,0
9.320,rrt,-3.3511,-0.1902,-0.0280,1.9968,2.0000,0.0000,0
9.374,rrt,-3.2113,-0.1941,-0.0280,1.9977,2.0000,0.0000,0
9.429,rrt,-3.0915,-0.1975,-0.0280,1.9983,2.0000,0.0000,0
9.477,rrt,-3.0116,-0.1997,-0.0280,1.9986,2.0000,0.0000,0
9.527,rrt,-2.9317,-0.2020,-0.0280,1.9989,2.0000,0.0000,0
9.585,rrt,-2.8318,-0.2048,-0.0280,1.9991,2.0000,0.0000,0
9.656,rrt,-2.7119,-0.2081,-0.0280,1.9993,2.0000,0.0000,0
9.704,rrt,-2.6719,-0.2092,-0.0280,1.9994,2.0000,0.0000,0
9.753,rrt,-2.5520,-0.2126,-0.0280,1.9995,2.0000,0.0000,0
9.813,rrt,-2.3921,-0.2171,-0.0280,1.9997,2.0000,0.0000,0
9.879,rrt,-2.2721,-0.2204,-0.0280,1.9998,2.0000,0.0000,0
9.935,rrt,-2.1722,-0.2232,-0.0280,1.9998,2.0000,0.0000,0
9.994,rrt,-2.2122,-0.2221,-0.0280,1.9998,2.0000,0.0000,0
10.050,rrt,-2.0922,-0.2255,-0.0280,1.9999,2.0000,0.0000,0
10.109,rrt,-1.8323,-0.2327,-0.0280,1.9999,2.0000,0.0000,0
10.146,rrt,-1.7124,-0.2361,-0.0280,1.9999,2.0000,0.0000,0
10.197,rrt,-1.6124,-0.2389,-0.0280,2.0000,2.0000,0.0000,0
10.231,rrt,-1.6924,-0.2366,-0.0280,1.9999,2.0000,0.0000,0
10.285,rrt,-1.5724,-0.2400,-0.0280,2.0000,2.0000,0.0000,0
10.324,rrt,-1.3126,-0.2473,-0.0280,2.0000,2.0000,0.0000,0
10.371,rrt,-1.3925,-0.2450,-0.0280,2.0000,2.0000,0.0000,0
10.425,rrt,-1.1126,-0.2529,-0.0280,2.0000,2.0000,0.0000,0
10.480,rrt,-1.0327,-0.2551,-0.0280,2.0000,2.0000,0.0000,0
10.556,rrt,-0.9527,-0.2573,-0.0280,2.0000,2.0000,0.0000,0
10.613,rrt,-0.8927,-0.2590,-0.0280,2.0000,2.0000,0.0000,0
10.665,rrt,-0.9927,-0.2562,-0.0280,2.0000,2.0000,0.0000,0
10.719,rrt,-0.8727,-0.2596,-0.0280,2.0000,2.0000,0.0000,0
10.766,rrt,-0.7928,-0.2618,-0.0280,2.0000,2.0000,0.0000,0
10.834,rrt,-0.6728,-0.2652,-0.0280,2.0000,2.0000,0.0000,0
10.889,rrt,-0.4329,-0.2719,-0.0280,2.0000,2.0000,0.0000,0
10.953,rrt,-0.5129,-0.2697,-0.0280,2.0000,2.0000,0.0000,0
11.038,rrt,-0.2730,-0.2764,-0.0280,2.0000,2.0000,0.0000,0
11.100,rrt,-0.1330,-0.2803,-0.0280,2.0000,2.0000,0.0000,0
11.159,rrt,0.0069,-0.2842,-0.0280,2.0000,2.0000,0.0000,0
11.198,rrt,-0.0730,-0.2820,-0.0280,2.0000,2.0000,0.0000,0
11.270,rrt,0.1669,-0.2887,-0.0280,2.0000,2.0000,0.0000,0
11.325,rrt,0.3068,-0.2926,-0.0280,2.0000,2.0000,0.0000,0
11.388,rrt,0.2068,-0.2898,-0.0280,2.0000,2.0000,0.0000,0
11.429,rrt,0.3468,-0.2937,-0.0280,2.0000,2.0000,0.0000,0
11.506,rrt,0.5667,-0.2999,-0.0280,2.0000,2.0000,0.0000,0
11.564,rrt,0.6867,-0.3032,-0.0280,2.0000,2.0000,0.0000,0
11.628,rrt,0.8066,-0.3066,-0.0280,2.0000,2.0000,0.0000,0
11.669,rrt,0.9266,-0.3099,-0.0280,2.0000,2.0000,0.0000,0
11.723,rrt,0.8066,-0.3066,-0.0280,2.0000,2.0000,0.0000,0
11.783,rrt,0.9066,-0.3094,-0.0280,2.0000,2.0000,0.0000,0
11.856,rrt,1.1865,-0.3172,-0.0280,2.0000,2.0000,0.0000,0
11.916,rrt,1.0465,-0.3133,-0.0280,2.0000,2.0000,0.0000,0
11.994,rrt,1.3264,-0.3211,-0.0280,2.0000,2.0000,0.0000,0
12.048,rrt,1.4464,-0.3245,-0.0280,2.0000,2.0000,0.0000,0
12.076,rrt,1.2664,-0.3195,-0.0280,2.0000,2.0000,0.0000,0
12.174,rrt,1.3864,-0.3228,-0.0280,2.0000,2.0000,0.0000,0
12.188,rrt,1.4464,-0.3245,-0.0280,2.0000,2.0000,0.0000,0
12.269,rrt,1.8062,-0.3346,-0.0280,2.0000,2.0000,0.0000,0
12.320,rrt,1.8662,-0.3362,-0.0280,2.0000,2.0000,0.0000,0
12.392,rrt,1.9862,-0.3396,-0.0280,2.0000,2.0000,0.0000,0
12.445,rrt,1.8462,-0.3357,-0.0280,2.0000,2.0000,0.0000,0
12.484,rrt,1.9462,-0.3385,-0.0280,2.0000,2.0000,0.0000,0
12.558,rrt,2.0061,-0.3402,-0.0280,2.0000,2.0000,0.0000,0
12.612,rrt,2.3860,-0.3508,-0.0280,2.0000,2.0000,0.0000,0
12.672,rrt,2.2660,-0.3474,-0.0280,2.0000,2.0000,0.0000,0
12.723,rrt,2.3660,-0.3502,-0.0280,2.0000,2.0000,0.0000,0
12.784,rrt,2.4660,-0.3530,-0.0280,2.0000,2.0000,0.0000,0
12.854,rrt,2.8258,-0.3631,-0.0280,2.0000,2.0000,0.0000,0
12.928,rrt,2.9258,-0.3659,-0.0280,2.0000,2.0000,0.0000,0
12.986,rrt,3.0257,-0.3687,-0.0280,2.0000,2.0000,0.0000,0
13.055,rrt,3.1657,-0.3726,-0.0280,2.0000,2.0000,0.0000,0
13.109,rrt,3.0057,-0.3681,-0.0280,2.0000,2.0000,0.0000,0
13.156,rrt,3.3656,-0.3782,-0.0280,2.0000,2.0000,0.0000,0
13.243,rrt,3.2057,-0.3737,-0.0280,2.0000,2.0000,0.0000,0
13.316,rrt,3.6055,-0.3849,-0.0280,2.0000,2.0000,0.0000,0
13.371,rrt,3.4456,-0.3804,-0.0280,2.0000,2.0000,0.0000,0
13.416,rrt,3.5655,-0.3838,-0.0280,2.0000,2.0000,0.0000,0
13.470,rrt,3.6455,-0.3860,-0.0280,2.0000,2.0000,0.0000,0
13.524,rrt,3.9854,-0.3955,-0.0280,2.0000,2.0000,0.0000,0
13.588,rrt,4.1053,-0.3989,-0.0280,2.0000,2.0000,0.0000,0
13.644,rrt,4.1853,-0.4011,-0.0280,2.0000,2.0000,0.0000,0
13.704,rrt,4.3052,-0.4045,-0.0280,2.0000,2.0000,0.0000,0
13.752,rrt,4.4252,-0.4079,-0.0280,2.0000,2.0000,0.0000,0
13.817,rrt,4.2653,-0.4034,-0.0280,2.0000,2.0000,0.0000,0
13.874,rrt,4.3852,-0.4067,-0.0280,2.0000,2.0000,0.0000,0
13.944,rrt,4.5052,-0.4101,-0.0280,2.0000,2.0000,0.0000,0
13.998,rrt,4.8450,-0.4196,-0.0280,2.0000,2.0000,0.0000,0
14.067,rrt,4.6851,-0.4151,-0.0280,2.0000,2.0000,0.0000,0
14.121,rrt,4.8250,-0.4190,-0.0280,2.0000,2.0000,0.0000,0
14.191,rrt,4.9050,-0.4213,-0.0280,2.0000,2.0000,0.0000,0
14.238,rrt,5.0050,-0.4241,-0.0280,2.0000,2.0000,-0.0000,0
14.291,rrt,5.3848,-0.4347,-0.0280,2.0000,2.0000,-0.0000,0
14.339,rrt,5.2049,-0.4297,-0.0280,2.0000,2.0000,-0.0000,0
14.393,rrt,5.6047,-0.4409,-0.0280,2.0000,2.0000,-0.0000,0
14.457,rrt,5.6847,-0.4431,-0.0280,2.0000,2.0000,-0.0000,0
14.511,rrt,5.7847,-0.4459,-0.0280,2.0000,2.0000,-0.0000,0
14.565,rrt,5.6047,-0.4409,-0.0280,2.0000,2.0000,-0.0000,0
14.619,rrt,5.7047,-0.4437,-0.0280,2.0000,2.0000,-0.0000,0
14.678,rrt,6.1046,-0.4549,-0.0280,2.0000,2.0000,-0.0000,0
14.728,rrt,6.2045,-0.4577,-0.0280,2.0000,2.0000,-0.0000,0
14.821,rrt,6.0246,-0.4526,-0.0280,2.0000,2.0000,-0.0000,0
14.927,rrt,6.3844,-0.4627,-0.0280,2.0000,2.0000,-0.0000,0
15.009,rrt,6.5244,-0.4666,-0.0280,2.0000,2.0000,-0.0000,0
15.080,rrt,6.3245,-0.4610,-0.0280,2.0000,2.0000,-0.0000,0
15.153,rrt,6.8043,-0.4744,-0.0280,2.0000,2.0000,-0.0000,0
15.219,rrt,6.9242,-0.4778,-0.0280,2.0000,2.0000,-0.0000,0
15.295,rrt,7.0442,-0.4811,-0.0280,2.0000,2.0000,-0.0000,0
15.359,rrt,7.1242,-0.4834,-0.0280,2.0000,0.7784,0.1381,0
15.410,rrt,7.2841,-0.4879,-0.0280,2.0000,0.7000,0.2368,0
15.459,rrt,6.9999,-0.4795,-0.0238,1.7145,2.0000,0.1539,0
15.529,rrt,7.0737,-0.4774,0.0135,1.2363,0.9018,0.2242,0
15.590,rrt,7.4898,-0.4805,0.0569,1.1829,1.0491,0.2533,0
15.700,rrt,7.5622,-0.4698,0.0925,1.1087,0.0000,0.0000,0
15.809,rrt,7.3299,-0.4320,0.1777,1.0429,0.0000,0.0000,0
15.899,rrt,7.6830,-0.4411,0.1756,0.5660,1.6376,0.2056,0
16.006,rrt,7.7051,-0.4370,0.1769,0.1077,0.0000,0.0000,0
16.105,rrt,7.7278,-0.4312,0.1861,0.5193,0.0000,0.0000,0
16.179,rrt,7.7814,-0.4154,0.2143,0.1516,0.0000,0.0000,0
16.238,rrt,7.4814,-0.3863,0.2504,0.0271,1.8980,0.1452,0
16.305,rrt,7.4822,-0.3861,0.2504,0.0095,1.0942,-0.0081,0
16.388,rrt,7.4892,-0.3840,0.2522,0.3404,1.6116,-0.0492,0
16.459,rrt,7.8298,-0.4025,0.2252,0.6193,0.0000,0.0000,0
16.542,rrt,7.8727,-0.3933,0.2212,0.8514,0.0000,0.0000,0
16.628,rrt,7.9275,-0.3818,0.2178,0.3617,0.0000,0.0000,0
16.708,rrt,7.6652,-0.3359,0.2563,0.0942,0.0000,0.0000,0
16.823,rrt,7.9439,-0.3782,0.2178,0.0100,0.0000,0.0000,0
16.875,rrt,7.9443,-0.3781,0.2178,0.0015,1.4436,-0.0949,0
16.947,rrt,7.9443,-0.3781,0.2178,0.0005,0.0000,0.0000,0
16.997,rrt,7.6746,-0.3336,0.2552,0.2559,0.0000,0.0000,0
17.043,rrt,7.9687,-0.3736,0.2128,0.2217,0.0000,0.0000,0
17.148,rrt,7.6995,-0.3279,0.2512,0.0954,0.0000,0.0000,0
17.242,rrt,7.7031,-0.3270,0.2512,0.0176,0.0000,0.0000,0
17.323,rrt,7.7038,-0.3268,0.2512,0.0017,0.0000,0.0000,0
17.382,rrt,7.9790,-0.3714,0.2128,0.0004,0.0000,0.0000,0
17.447,rrt,7.9790,-0.3714,0.2128,0.0001,0.0000,0.0000,0
17.530,rrt,7.9790,-0.3714,0.2128,0.0000,0.0000,0.0000,0
17.581,rrt,7.9790,-0.3714,0.2128,0.0000,0.0000,0.0000,0
17.612,rrt,7.7039,-0.3268,0.2512,0.0000,0.0000,0.0000,0
17.672,rrt,7.7039,-0.3268,0.2512,0.0000,0.0000,0.0000,0
17.724,rrt,7.7039,-0.3268,0.2512,0.0000,0.0000,0.0000,0
17.812,rrt,7.7039,-0.3268,0.2512,0.0000,0.0000,0.0000,0
17.902,rrt,7.9790,-0.3714,0.2128,0.0000,0.0000,0.0000,0
17.978,rrt,7.9790,-0.3714,0.2128,0.0000,1.2796,0.0198,0
18.054,rrt,7.7039,-0.3268,0.2512,0.0000,0.0000,0.0000,0
18.124,rrt,7.7108,-0.3250,0.2516,0.2766,0.0000,0.0000,0
18.154,rrt,7.7268,-0.3208,0.2521,0.1590,0.0000,0.0000,0
18.235,rrt,8.0118,-0.3642,0.2136,0.0764,0.0000,0.0000,0
18.312,rrt,8.0147,-0.3635,0.2136,0.0141,0.0000,0.0000,0
18.375,rrt,8.0151,-0.3634,0.2136,0.0040,0.0000,0.0000,0
18.437,rrt,7.7340,-0.3189,0.2521,0.0012,0.0000,0.0000,0
18.468,rrt,7.7341,-0.3189,0.2521,0.0003,0.0000,0.0000,0
18.531,rrt,7.7341,-0.3189,0.2521,0.0002,0.0000,0.0000,0
18.588,rrt,8.0153,-0.3634,0.2136,0.0000,0.0000,0.0000,0
18.658,rrt,7.7341,-0.3189,0.2521,0.0000,0.0000,0.0000,0
18.764,rrt,7.7341,-0.3189,0.2521,0.0000,0.0000,0.0000,0
18.896,rrt,8.0153,-0.3634,0.2136,0.0000,0.0000,0.0000,0
18.998,rrt,8.0153,-0.3634,0.2136,0.0000,0.0000,0.0000,0
19.080,rrt,7.7341,-0.3189,0.2521,0.0000,0.0000,0.0000,0
19.149,rrt,8.0153,-0.3634,0.2136,0.0000,0.0000,0.0000,0
19.223,rrt,8.0153,-0.3634,0.2136,0.0000,0.0000,0.0000,0
19.274,rrt,8.0153,-0.3634,0.2136,0.0000,0.0000,0.0000,0
19.311,rrt,8.0153,-0.3634,0.2136,0.0000,0.0000,0.0000,0
19.337,rrt,7.7341,-0.3189,0.2521,0.0000,0.0000,0.0000,0
19.425,rrt,8.0153,-0.3634,0.2136,0.0000,0.0000,0.0000,0
19.512,rrt,7.7341,-0.3189,0.2521,0.0000,0.0000,0.0000,0
19.550,rrt,8.0153,-0.3634,0.2136,0.0000,0.0000,0.0000,0
19.642,rrt,8.0153,-0.3634,0.2136,0.0000,0.0000,0.0000,0
19.718,rrt,8.0153,-0.3634,0.2136,0.0000,0.0000,0.0000,0
19.806,rrt,7.7341,-0.3189,0.2521,0.0000,0.0000,0.0000,0
19.870,rrt,8.0153,-0.3634,0.2136,0.0000,0.0000,0.0000,0
19.938,rrt,8.0153,-0.3634,0.2136,0.0000,0.0000,0.0000,0
20.010,rrt,7.7341,-0.3189,0.2521,0.0000,0.0000,0.0000,0
20.072,rrt,7.7341,-0.3189,0.2521,0.0000,0.0000,0.0000,0
20.140,rrt,7.7341,-0.3189,0.2521,0.0000,0.0000,0.0000,0
20.201,rrt,7.7341,-0.3189,0.2521,0.0000,0.0000,0.0000,0
20.265,rrt,8.0153,-0.3634,0.2136,0.0000,0.0000,0.0000,0
20.331,rrt,7.7341,-0.3189,0.2521,0.0000,0.0000,0.0000,0
20.381,rrt,8.0153,-0.3634,0.2136,0.0000,0.0000,0.0000,0
20.459,rrt,8.0153,-0.3634,0.2136,0.0000,0.0000,0.0000,0
20.525,rrt,8.0153,-0.3634,0.2136,0.0000,0.0000,0.0000,0
20.583,rrt,8.0153,-0.3634,0.2136,0.0000,0.0000,0.0000,0
20.663,rrt,8.0153,-0.3634,0.2136,0.0000,0.0000,0.0000,0
20.743,rrt,7.7341,-0.3189,0.2521,0.0000,0.0000,0.0000,0
20.800,rrt,7.7341,-0.3189,0.2521,0.0000,0.0000,0.0000,0
20.882,rrt,8.0153,-0.3634,0.2136,0.0000,0.0000,0.0000,0
20.963,rrt,7.7341,-0.3189,0.2521,0.0000,0.0000,0.0000,0
21.032,rrt,7.7341,-0.3189,0.2521,0.0000,0.0000,0.0000,0
21.088,rrt,7.7341,-0.3189,0.2521,0.0000,0.0000,0.0000,0
21.151,rrt,7.7341,-0.3189,0.2521,0.0000,0.0000,0.0000,0
21.198,rrt,8.0153,-0.3634,0.2136,0.0000,0.0000,0.0000,0
21.269,rrt,7.7341,-0.3189,0.2521,0.0000,0.0000,0.0000,0
21.322,rrt,8.0153,-0.3634,0.2136,0.0000,0.0000,0.0000,0
21.398,rrt,8.0153,-0.3634,0.2136,0.0000,0.0000,0.0000,0
21.475,rrt,8.0153,-0.3634,0.2136,0.0000,0.0000,0.0000,0
21.530,rrt,7.7341,-0.3189,0.2521,0.0000,0.0000,0.0000,0
21.563,rrt,7.7341,-0.3189,0.2521,0.0000,0.0000,0.0000,0
21.657,rrt,7.7341,-0.3189,0.2521,0.0000,0.0000,0.0000,0
21.749,rrt,8.0153,-0.3634,0.2136,0.0000,0.0000,0.0000,0
21.847,rrt,8.0153,-0.3634,0.2136,0.0000,0.0000,0.0000,0
21.922,rrt,7.7341,-0.3189,0.2521,0.0000,0.0000,0.0000,0
21.973,rrt,8.0153,-0.3634,0.2136,0.0000,0.0000,0.0000,0
22.044,rrt,8.0153,-0.3634,0.2136,0.0000,0.0000,0.0000,0
22.087,rrt,7.7341,-0.3189,0.2521,0.0000,0.0000,0.0000,0
22.151,rrt,8.0153,-0.3634,0.2136,0.0000,0.0000,0.0000,0
22.198,rrt,8.0153,-0.3634,0.2136,0.0000,0.0000,0.0000,0
22.267,rrt,7.7341,-0.3189,0.2521,0.0000,0.0000,0.0000,0
22.323,rrt,7.7341,-0.3189,0.2521,0.0000,0.0000,0.0000,0
22.376,rrt,8.0153,-0.3634,0.2136,0.0000,0.0000,0.0000,0
22.447,rrt,7.7341,-0.3189,0.2521,0.0000,0.0000,0.0000,0
22.495,rrt,7.7341,-0.3189,0.2521,0.0000,0.0000,0.0000,0
22.575,rrt,8.0153,-0.3634,0.2136,0.0000,0.0000,0.0000,0
22.648,rrt,8.0153,-0.3634,0.2136,0.0000,0.0000,0.0000,0
22.707,rrt,7.7341,-0.3189,0.2521,0.0000,0.0000,0.0000,0
22.768,rrt,7.7341,-0.3189,0.2521,0.0000,0.0000,0.0000,0
22.835,rrt,8.0153,-0.3634,0.2136,0.0000,0.0000,0.0000,0
22.923,rrt,8.0153,-0.3634,0.2136,0.0000,0.0000,0.0000,0
22.990,rrt,8.0153,-0.3634,0.2136,0.0000,0.0000,0.0000,0
23.050,rrt,7.7341,-0.3189,0.2521,0.0000,0.0000,0.0000,0
23.115,rrt,7.7341,-0.3189,0.2521,0.0000,0.0000,0.0000,0
23.169,rrt,7.7341,-0.3189,0.2521,0.0000,0.0000,0.0000,0
23.238,rrt,7.7341,-0.3189,0.2521,0.0000,0.0000,0.0000,0
23.304,rrt,7.7341,-0.3189,0.2521,0.0000,0.0000,0.0000,0
23.370,rrt,8.0153,-0.3634,0.2136,0.0000,0.0000,0.0000,0
23.438,rrt,7.7341,-0.3189,0.2521,0.0000,0.0000,0.0000,0
23.494,rrt,7.7341,-0.3189,0.2521,0.0000,0.0000,0.0000,0
23.563,rrt,8.0153,-0.3634,0.2136,0.0000,0.0000,0.0000,0
23.631,rrt,8.0153,-0.3634,0.2136,0.0000,0.0000,0.0000,0
23.696,rrt,8.0153,-0.3634,0.2136,0.0000,0.0000,0.0000,0
23.761,rrt,7.7341,-0.3189,0.2521,0.0000,0.0000,0.0000,0
23.816,rrt,7.7341,-0.3189,0.2521,0.0000,0.0000,0.0000,0
23.903,rrt,7.7341,-0.3189,0.2521,0.0000,0.0000,0.0000,0
23.973,rrt,7.7341,-0.3189,0.2521,0.0000,0.0000,0.0000,0
24.022,rrt,7.7341,-0.3189,0.2521,0.0000,0.0000,0.0000,0
24.090,rrt,7.7341,-0.3189,0.2521,0.0000,0.0000,0.0000,0
24.155,rrt,8.0153,-0.3634,0.2136,0.0000,0.0000,0.0000,0
24.212,rrt,7.7341,-0.3189,0.2521,0.0000,0.0000,0.0000,0
24.284,rrt,8.0153,-0.3634,0.2136,0.0000,0.0000,0.0000,0
24.339,rrt,8.0153,-0.3634,0.2136,0.0000,0.0000,0.0000,0
24.469,rrt,8.0153,-0.3634,0.2136,0.0000,0.0000,0.0000,0
24.579,rrt,7.7341,-0.3189,0.2521,0.0000,0.0000,0.0000,0
24.644,rrt,7.7341,-0.3189,0.2521,0.0000,0.0000,0.0000,0
24.678,rrt,8.0153,-0.3634,0.2136,0.0000,0.0000,0.0000,0
24.736,rrt,7.7341,-0.3189,0.2521,0.0000,0.0000,0.0000,0
24.771,rrt,8.0153,-0.3634,0.2136,0.0000,0.0000,0.0000,0
24.803,rrt,7.7341,-0.3189,0.2521,0.0000,0.0000,0.0000,0
24.899,rrt,8.0153,-0.3634,0.2136,0.0000,0.0000,0.0000,0
24.976,rrt,8.0153,-0.3634,0.2136,0.0000,0.0000,0.0000,0
25.027,rrt,8.0153,-0.3634,0.2136,0.0000,0.0000,0.0000,0
25.108,rrt,8.0153,-0.3634,0.2136,0.0000,0.0000,0.0000,0
25.194,rrt,7.7341,-0.3189,0.2521,0.0000,0.0000,0.0000,0
25.262,rrt,8.0153,-0.3634,0.2136,0.0000,0.0000,0.0000,0
25.315,rrt,8.0153,-0.3634,0.2136,0.0000,0.0000,0.0000,0
25.384,rrt,7.7341,-0.3189,0.2521,0.0000,0.0000,0.0000,0
25.415,rrt,7.7341,-0.3189,0.2521,0.0000,0.0000,0.0000,0
25.483,rrt,8.0153,-0.3634,0.2136,0.0000,0.0000,0.0000,0
25.536,rrt,7.7341,-0.3189,0.2521,0.0000,0.0000,0.0000,0
25.607,rrt,7.7341,-0.3189,0.2521,0.0000,0.0000,0.0000,0
25.637,rrt,8.0153,-0.3634,0.2136,0.0000,0.0000,0.0000,0
25.747,rrt,7.7341,-0.3189,0.2521,0.0000,0.0000,0.0000,0
25.823,rrt,8.0153,-0.3634,0.2136,0.0000,0.0000,0.0000,0
25.892,rrt,8.0153,-0.3634,0.2136,0.0000,0.0000,0.0000,0
25.955,rrt,8.0153,-0.3634,0.2136,0.0000,0.0000,0.0000,0
26.035,rrt,8.0153,-0.3634,0.2136,0.0000,0.0000,0.0000,0
26.115,rrt,7.7341,-0.3189,0.2521,0.0000,0.0000,0.0000,0
26.186,rrt,7.7341,-0.3189,0.2521,0.0000,0.0000,0.0000,0
26.248,rrt,8.0153,-0.3634,0.2136,0.0000,0.0000,0.0000,0
26.345,rrt,7.7341,-0.3189,0.2521,0.0000,0.0000,0.0000,0
26.417,rrt,7.7341,-0.3189,0.2521,0.0000,0.0000,0.0000,0
26.504,rrt,7.7341,-0.3189,0.2521,0.0000,0.0000,0.0000,0
26.576,rrt,7.7341,-0.3189,0.2521,0.0000,0.0000,0.0000,0
26.656,rrt,7.7341,-0.3189,0.2521,0.0000,0.0000,0.0000,0
26.717,rrt,8.0153,-0.3634,0.2136,0.0000,0.0000,0.0000,0
26.790,rrt,8.0153,-0.3634,0.2136,0.0000,0.0000,0.0000,0
26.869,rrt,8.0153,-0.3634,0.2136,0.0000,0.0000,0.0000,0
26.949,rrt,7.7341,-0.3189,0.2521,0.0000,0.0000,0.0000,0
27.036,rrt,7.7341,-0.3189,0.2521,0.0000,0.0000,0.0000,0
27.130,rrt,7.7341,-0.3189,0.2521,0.0000,0.0000,0.0000,0
27.207,rrt,8.0153,-0.3634,0.2136,0.0000,0.0000,0.0000,0
27.282,rrt,7.7341,-0.3189,0.2521,0.0000,0.0000,0.0000,0
27.378,rrt,8.0153,-0.3634,0.2136,0.0000,0.0000,0.0000,0
27.479,rrt,7.7341,-0.3189,0.2521,0.0000,0.0000,0.0000,0
27.576,rrt,7.7341,-0.3189,0.2521,0.0000,0.0000,0.0000,0
27.676,rrt,8.0153,-0.3634,0.2136,0.0000,0.0000,0.0000,0
27.755,rrt,7.7341,-0.3189,0.2521,0.0000,0.0000,0.0000,0
27.848,rrt,7.7341,-0.3189,0.2521,0.0000,0.0000,0.0000,0
27.951,rrt,7.7341,-0.3189,0.2521,0.0000,0.0000,0.0000,0
28.045,rrt,7.7341,-0.3189,0.2521,0.0000,0.0000,0.0000,0
28.126,rrt,7.7341,-0.3189,0.2521,0.0000,0.0000,0.0000,0
28.212,rrt,8.0153,-0.3634,0.2136,0.0000,0.0000,0.0000,0
28.290,rrt,7.7341,-0.3189,0.2521,0.0000,0.0000,0.0000,0
28.347,rrt,7.7341,-0.3189,0.2521,0.0000,0.0000,0.0000,0
28.427,rrt,7.7341,-0.3189,0.2521,0.0000,0.0000,0.0000,0
28.477,rrt,7.7341,-0.3189,0.2521,0.0000,0.0000,0.0000,0
28.549,rrt,7.7341,-0.3189,0.2521,0.0000,0.0000,0.0000,0
28.592,rrt,7.7341,-0.3189,0.2521,0.0000,0.0000,0.0000,0
28.671,rrt,7.7341,-0.3189,0.2521,0.0000,0.0000,0.0000,0
28.714,rrt,7.7341,-0.3189,0.2521,0.0000,0.0000,0.0000,0
28.783,rrt,7.7341,-0.3189,0.2521,0.0000,0.0000,0.0000,0
28.825,rrt,8.0153,-0.3634,0.2136,0.0000,0.0000,0.0000,0
28.916,rrt,7.7341,-0.3189,0.2521,0.0000,0.0000,0.0000,0
28.961,rrt,7.7341,-0.3189,0.2521,0.0000,0.0000,0.0000,0
29.020,rrt,8.0153,-0.3634,0.2136,0.0000,0.0000,0.0000,0
29.106,rrt,8.0153,-0.3634,0.2136,0.0000,0.0000,0.0000,0
29.221,rrt,8.0153,-0.3634,0.2136,0.0000,0.0000,0.0000,0
29.295,rrt,8.0153,-0.3634,0.2136,0.0000,0.0000,0.0000,0
29.368,rrt,7.7341,-0.3189,0.2521,0.0000,0.0000,0.0000,0
29.441,rrt,7.7341,-0.3189,0.2521,0.0000,0.0000,0.0000,0
29.511,rrt,8.0153,-0.3634,0.2136,0.0000,0.0000,0.0000,0
29.595,rrt,8.0153,-0.3634,0.2136,0.0000,0.0000,0.0000,0
29.665,rrt,7.7341,-0.3189,0.2521,0.0000,0.0000,0.0000,0
29.766,rrt,8.0153,-0.3634,0.2136,0.0000,0.0000,0.0000,0
29.847,rrt,7.7341,-0.3189,0.2521,0.0000,0.0000,0.0000,0
29.937,rrt,8.0153,-0.3634,0.2136,0.0000,0.0000,0.0000,0
29.972,rrt,8.0153,-0.3634,0.2136,0.0000,0.0000,0.0000,0
30.023,rrt,8.0153,-0.3634,0.2136,0.0000,0.0000,0.0000,0
30.094,rrt,8.0153,-0.3634,0.2136,0.0000,0.0000,0.0000,0
30.151,rrt,8.0153,-0.3634,0.2136,0.0000,0.0000,0.0000,0
30.245,rrt,8.0153,-0.3634,0.2136,0.0000,0.0000,0.0000,0
30.361,rrt,8.0153,-0.3634,0.2136,0.0000,0.0000,0.0000,0
30.433,rrt,8.0153,-0.3634,0.2136,0.0000,0.0000,0.0000,0
30.499,rrt,8.0153,-0.3634,0.2136,0.0000,0.0000,0.0000,0
30.563,rrt,8.0153,-0.3634,0.2136,0.0000,0.0000,0.0000,0
30.597,rrt,8.0153,-0.3634,0.2136,0.0000,0.0000,0.0000,0
30.672,rrt,7.7341,-0.3189,0.2521,0.0000,0.0000,0.0000,0
30.706,rrt,7.7341,-0.3189,0.2521,0.0000,0.0000,0.0000,0
30.735,rrt,7.7341,-0.3189,0.2521,0.0000,1.6579,-0.0258,0
30.858,rrt,8.0153,-0.3634,0.2136,0.0000,0.0000,0.0000,0
30.934,rrt,8.0491,-0.3564,0.2118,0.6393,0.0000,0.0000,0
31.021,rrt,7.8079,-0.3005,0.2495,0.2382,0.0000,0.0000,0
31.148,rrt,8.1081,-0.3441,0.2103,0.0738,0.0000,0.0000,0
31.252,rrt,7.8185,-0.2978,0.2495,0.0081,0.0000,0.0000,0
31.312,rrt,7.8188,-0.2977,0.2495,0.0015,0.0000,0.0000,0
31.417,rrt,8.1115,-0.3433,0.2103,0.0005,0.0000,0.0000,0
31.475,rrt,7.8188,-0.2977,0.2495,0.0001,0.0000,0.0000,0
